<?xml version="1.0" encoding="UTF-8"?>
<project-private xmlns="http://www.netbeans.org/ns/project-private/1">
    <editor-bookmarks xmlns="http://www.netbeans.org/ns/editor-bookmarks/2" lastBookmarkId="0"/>
    <open-files xmlns="http://www.netbeans.org/ns/projectui-open-files/2">
        <group>
            <file>file:/C:/Users/Unknown/Documents/NetBeansProjects/Reserva_Vuelos/src/Presentacion/FrmIntinerarios.java</file>
            <file>file:/C:/Users/Unknown/Documents/NetBeansProjects/Reserva_Vuelos/src/Datos/Conexion.java</file>
            <file>file:/C:/Users/Unknown/Documents/NetBeansProjects/Reserva_Vuelos/src/Presentacion/FrmPrincipal.java</file>
            <file>file:/C:/Users/Unknown/Documents/NetBeansProjects/Reserva_Vuelos/src/Presentacion/FrmVuelos.java</file>
            <file>file:/C:/Users/Unknown/Documents/NetBeansProjects/Reserva_Vuelos/src/Presentacion/FrmReservas.java</file>
        </group>
    </open-files>
</project-private>
